timestamp,Engagement_level,Engagement_confidence,Boredom_level,Boredom_confidence,Confusion_level,Confusion_confidence,Frustration_level,Frustration_confidence
2026-06-17T09:49:18.797288,High,0.4458,High,0.3339,Very Low,0.4672,Very Low,0.8981
2026-06-17T09:49:19.647221,Very Low,0.3543,Very High,0.4860,Low,0.3660,Very Low,0.8251
2026-06-17T09:49:20.536432,High,0.3176,Very High,0.5060,Low,0.3910,Very Low,0.8216
2026-06-17T09:49:21.399694,High,0.3337,Very High,0.5576,Low,0.4230,Very Low,0.9657
2026-06-17T09:49:22.246314,Very Low,0.4503,High,0.4438,Low,0.3462,Very Low,0.8312
2026-06-17T09:49:23.114963,Very Low,0.3903,Low,0.3826,High,0.4173,Very Low,0.7998
2026-06-17T09:49:23.895281,Very Low,0.3765,Very High,0.4759,Very Low,0.3358,Very Low,0.8982
2026-06-17T09:49:24.656068,Very Low,0.3224,Very High,0.5784,Very Low,0.4122,Very Low,0.9147
2026-06-17T09:49:25.399957,High,0.4094,Very High,0.6123,Very Low,0.4214,Very Low,0.9602
2026-06-17T09:49:26.113579,High,0.3438,Very High,0.6257,Very Low,0.3958,Very Low,0.9553
2026-06-17T09:49:26.842845,High,0.3278,Very High,0.5959,Low,0.4799,Very Low,0.9614
2026-06-17T09:49:27.583210,High,0.3362,Very High,0.6394,Very Low,0.4232,Very Low,0.7085
2026-06-17T09:49:28.300766,High,0.3456,High,0.3591,Very Low,0.4169,Low,0.7715
2026-06-17T09:49:29.032473,High,0.3185,Very Low,0.3508,Very Low,0.4183,Very Low,0.9765
2026-06-17T09:49:29.799722,High,0.3213,Very High,0.5671,Very Low,0.3641,Very Low,0.9664
2026-06-17T09:49:30.545361,High,0.4132,Very High,0.5950,Low,0.4347,Very Low,0.9251
2026-06-17T09:49:31.287432,High,0.5019,Very High,0.5991,Low,0.4234,Very Low,0.9630
2026-06-17T09:49:32.014381,High,0.3799,Very High,0.2949,Very Low,0.3700,Very Low,0.9160
2026-06-17T09:49:32.753135,High,0.4138,Very High,0.5730,Low,0.4660,Very Low,0.9058
2026-06-17T09:49:33.509623,High,0.3742,High,0.3638,Low,0.4425,Very Low,0.9867
2026-06-17T09:49:34.230175,High,0.3591,Very Low,0.3634,Very Low,0.4422,Very Low,0.9600
2026-06-17T09:49:34.953421,Very Low,0.3463,Very High,0.4185,Low,0.4833,Very Low,0.9507
2026-06-17T09:49:35.676846,Very Low,0.4612,High,0.3881,Low,0.4220,Very Low,0.9470
2026-06-17T09:49:36.409495,Very Low,0.3197,Very High,0.3685,Very Low,0.3785,Very Low,0.7694
2026-06-17T09:49:37.158049,High,0.3926,Very High,0.3701,Low,0.4306,Very Low,0.9749
2026-06-17T09:49:37.884958,High,0.3865,Very High,0.5679,Low,0.4531,Very Low,0.9476
2026-06-17T09:49:38.601545,High,0.3565,Very High,0.5915,Low,0.4982,Very Low,0.9075
2026-06-17T09:49:39.304051,High,0.4626,High,0.3627,Very Low,0.4602,Low,0.6452
2026-06-17T09:49:40.040302,High,0.4063,Very High,0.5873,Low,0.4720,Very Low,0.8439
2026-06-17T09:49:40.768554,High,0.4225,Very High,0.5050,Low,0.4716,Very Low,0.9633
2026-06-17T09:49:41.540850,High,0.3280,Very High,0.5523,Low,0.4118,Very Low,0.9405
2026-06-17T09:49:42.281606,High,0.4025,Very High,0.3608,Low,0.3648,Low,0.7913
2026-06-17T09:49:43.042384,Very Low,0.2965,Very High,0.4617,Very Low,0.2981,Very Low,0.9539
2026-06-17T09:49:43.765365,Low,0.3117,High,0.3468,Low,0.4162,Very Low,0.9623
2026-06-17T09:49:44.518554,Very Low,0.3945,Very High,0.3096,High,0.3183,Very Low,0.8169
2026-06-17T09:49:45.218660,High,0.3399,High,0.3223,High,0.3678,Very Low,0.6047
2026-06-17T09:49:45.956936,High,0.3246,High,0.3381,High,0.2940,Low,0.9394
2026-06-17T09:49:46.706881,High,0.3379,High,0.3443,Very Low,0.3243,Very Low,0.9398
2026-06-17T09:49:47.450957,High,0.3850,High,0.3414,Very Low,0.3875,Very Low,0.8899
2026-06-17T09:49:48.163192,High,0.3577,Very High,0.3905,High,0.3266,High,0.6407
2026-06-17T09:49:48.869663,High,0.4269,Very High,0.4304,Very High,0.3139,Very Low,0.9556
2026-06-17T09:49:49.600103,High,0.3637,Very High,0.3894,Very High,0.3809,Very Low,0.6399
2026-06-17T09:49:50.322948,High,0.4049,Very High,0.3757,Very High,0.3735,Very Low,0.6958
2026-06-17T09:49:51.063199,High,0.4057,Very High,0.4034,Very High,0.3491,Very Low,0.7149
2026-06-17T09:49:51.793722,High,0.3894,High,0.4088,Very High,0.3469,Very Low,0.8830
2026-06-17T09:49:52.527810,High,0.3983,Very High,0.3546,Very High,0.3886,Very Low,0.6404
2026-06-17T09:49:53.252129,High,0.3991,Very High,0.3971,Very High,0.3415,Low,0.6053
2026-06-17T09:49:53.989577,High,0.3953,Very High,0.3844,Very High,0.3280,Very Low,0.8381
2026-06-17T09:49:54.699935,High,0.4304,Very High,0.4132,High,0.2905,Low,0.5463
2026-06-17T09:49:55.432103,High,0.4003,Very High,0.4144,Very High,0.3717,Very Low,0.5545
2026-06-17T09:49:56.190354,High,0.4332,Very High,0.3761,Very High,0.3540,Very Low,0.8534
2026-06-17T09:49:56.938320,High,0.3913,High,0.3542,Very High,0.3187,Very Low,0.7309
2026-06-17T09:49:57.679515,High,0.4221,High,0.3647,Very High,0.3240,Very Low,0.9508
2026-06-17T09:49:58.392152,High,0.3994,Very High,0.3544,Very High,0.3293,Very Low,0.8040
2026-06-17T09:49:59.138814,High,0.3998,Very High,0.4096,Very High,0.3268,Very Low,0.8470
2026-06-17T09:49:59.875009,High,0.4100,Very High,0.3862,High,0.2985,Very Low,0.9480
2026-06-17T09:50:00.609601,High,0.3858,Very High,0.3635,Very High,0.2897,Very Low,0.9300
2026-06-17T09:50:01.334618,High,0.3637,Very High,0.3508,Very High,0.2986,Very Low,0.9138
2026-06-17T09:50:02.069596,High,0.4068,Very High,0.4099,Very High,0.3433,Very Low,0.8487
2026-06-17T09:50:02.800434,High,0.4148,Very High,0.3923,High,0.2953,Very Low,0.8740
2026-06-17T09:50:03.551403,High,0.3477,Very High,0.3862,Very High,0.3295,Very Low,0.8684
2026-06-17T09:50:04.314660,High,0.3457,Very High,0.3941,Very High,0.3633,Very Low,0.7455
2026-06-17T09:50:05.077311,High,0.3861,Very High,0.3952,High,0.3063,Very Low,0.8534
2026-06-17T09:50:05.832487,High,0.3970,Very High,0.3822,High,0.2984,Very Low,0.9367
2026-06-17T09:50:06.564785,High,0.4192,Very High,0.3653,Very High,0.3141,Very Low,0.6507
2026-06-17T09:50:07.272869,High,0.3946,High,0.3694,Very High,0.3435,Very Low,0.6290
2026-06-17T09:50:08.036432,High,0.3979,Very High,0.4033,Very High,0.3285,Very Low,0.9794
2026-06-17T09:50:08.784875,High,0.3944,Very High,0.3852,High,0.3093,Low,0.6835
2026-06-17T09:50:09.526079,High,0.3955,Very High,0.3627,Low,0.2890,Very Low,0.8393
2026-06-17T09:50:10.230928,High,0.4121,Very High,0.3634,High,0.2952,Very Low,0.5740
2026-06-17T09:50:10.968184,High,0.4161,Very High,0.4064,High,0.2972,Very Low,0.8053
2026-06-17T09:50:11.710185,High,0.4052,Very High,0.3828,High,0.3113,Very Low,0.9371
2026-06-17T09:50:12.427363,High,0.4356,Very High,0.4667,Very High,0.3485,Very Low,0.9383
2026-06-17T09:50:13.164158,High,0.4062,Very High,0.3691,Very High,0.2984,Very Low,0.6653
2026-06-17T09:50:13.908119,High,0.3883,Very High,0.4166,Very High,0.2840,Very Low,0.9261
2026-06-17T09:50:14.641361,High,0.3910,Very High,0.4138,High,0.2892,Very Low,0.8225
2026-06-17T09:50:15.354742,High,0.4166,Very High,0.4274,Very High,0.3193,Very Low,0.6676
2026-06-17T09:50:16.097689,Very Low,0.3331,Very High,0.4424,Very High,0.3856,Very Low,0.5716
2026-06-17T09:50:16.831013,Very Low,0.4529,Very High,0.5137,Very High,0.3495,Very Low,0.4946
2026-06-17T09:50:17.557836,Very Low,0.3246,Very High,0.3308,Very High,0.3782,Very Low,0.9488
2026-06-17T09:50:18.303601,High,0.3591,High,0.3290,High,0.3184,Very Low,0.8577
2026-06-17T09:50:19.060275,Very Low,0.4060,Very High,0.4993,Very High,0.3097,Very Low,0.6423
2026-06-17T09:50:19.799175,Very Low,0.4542,Very High,0.5211,High,0.3216,Very Low,0.4517
2026-06-17T09:50:20.502993,Very Low,0.4436,Very High,0.5296,High,0.3080,Very Low,0.5642
2026-06-17T09:50:21.242798,Very Low,0.4257,Very High,0.5172,High,0.3130,Very Low,0.5364
2026-06-17T09:50:21.961262,Very Low,0.4083,Very High,0.5111,Very High,0.3258,Very Low,0.6596
2026-06-17T09:50:22.681535,Very Low,0.4450,Very High,0.5365,High,0.3293,High,0.5623
2026-06-17T09:50:23.431305,Very Low,0.4433,Very High,0.5299,High,0.3077,Low,0.5023
2026-06-17T09:50:24.168452,Very Low,0.4030,Very High,0.4903,Very High,0.3728,Very Low,0.7198
2026-06-17T09:50:24.912934,Very Low,0.3936,Very High,0.5102,Very High,0.3496,Very Low,0.6123
2026-06-17T09:50:25.645135,Very Low,0.3919,Very High,0.4807,Very High,0.3539,Very Low,0.6623
2026-06-17T09:50:26.369921,Very Low,0.4097,Very High,0.4961,Very High,0.3519,Very Low,0.5752
2026-06-17T09:50:27.094026,High,0.3108,Very High,0.3646,Very High,0.3348,Very Low,0.8343
2026-06-17T09:50:27.829454,High,0.3383,Very High,0.3787,High,0.3430,Very Low,0.7927
2026-06-17T09:50:28.595301,Very Low,0.3508,Very High,0.4301,Very High,0.3269,Very Low,0.5583
2026-06-17T09:50:29.332650,Very Low,0.4013,Very High,0.5025,High,0.3271,Very Low,0.8134
2026-06-17T09:50:30.054075,Very Low,0.4336,Very High,0.5263,High,0.3078,Very Low,0.4542
2026-06-17T09:50:30.794633,Very Low,0.3469,Very High,0.4477,High,0.3054,Very Low,0.7395
2026-06-17T09:50:31.518672,Very Low,0.3293,Very High,0.4945,High,0.3176,Very Low,0.8043
2026-06-17T09:50:32.264992,Very Low,0.3614,Very High,0.4965,High,0.3176,Very Low,0.6656
2026-06-17T09:50:32.987203,High,0.4373,High,0.4020,Very High,0.3023,Very Low,0.7500
2026-06-17T09:50:33.721049,High,0.4600,High,0.4087,High,0.3151,Very Low,0.8602
2026-06-17T09:50:34.447867,High,0.4138,High,0.3602,High,0.2812,Very Low,0.9386
2026-06-17T09:50:35.182543,High,0.4249,High,0.3946,High,0.3185,Low,0.5276
2026-06-17T09:50:35.923439,High,0.4858,High,0.4191,Very High,0.3379,Very Low,0.9594
2026-06-17T09:50:36.654605,High,0.4628,High,0.3533,Very High,0.3379,Very Low,0.7385
2026-06-17T09:50:37.354116,High,0.3983,Very High,0.3421,Very High,0.3620,Very Low,0.8353
2026-06-17T09:50:38.081146,High,0.4059,High,0.3975,Very High,0.3714,Very Low,0.7364
2026-06-17T09:50:38.804584,High,0.3701,High,0.4060,High,0.3230,Very Low,0.7571
2026-06-17T09:50:39.533566,High,0.4449,Very High,0.3781,Very High,0.3263,Very Low,0.8279
2026-06-17T09:50:40.267606,High,0.4573,Very High,0.3581,Very High,0.3408,Very Low,0.8556
2026-06-17T09:50:41.006220,High,0.4802,Very High,0.3950,Very High,0.3237,Very Low,0.8092
2026-06-17T09:50:41.739240,High,0.4474,Very High,0.3805,High,0.2966,Very Low,0.8672
2026-06-17T09:50:42.464376,High,0.4356,High,0.3781,High,0.2964,Very Low,0.8984
2026-06-17T09:50:43.192939,High,0.4297,High,0.3498,High,0.3473,Very Low,0.6468
2026-06-17T09:50:43.939114,High,0.4484,High,0.3811,High,0.3280,Very Low,0.8511
2026-06-17T09:50:44.681137,High,0.4152,Very High,0.4220,High,0.2879,Very Low,0.6900
2026-06-17T09:50:45.369380,High,0.4029,High,0.3550,High,0.2841,Very Low,0.8547
2026-06-17T09:50:46.095647,High,0.5237,High,0.3847,Very High,0.3076,Very Low,0.9363
2026-06-17T09:50:46.842001,High,0.4810,High,0.3720,Very High,0.3219,Very Low,0.9561
2026-06-17T09:50:47.565936,High,0.5129,High,0.3708,Low,0.3118,Very Low,0.9331
2026-06-17T09:50:48.313487,High,0.4947,High,0.3566,High,0.2975,Very Low,0.9307
2026-06-17T09:50:49.063958,High,0.4398,High,0.3379,Very High,0.3045,Very Low,0.9047
2026-06-17T09:50:49.786976,High,0.4443,High,0.3813,Very High,0.2991,Very Low,0.8880
2026-06-17T09:50:50.507176,High,0.4910,High,0.3398,High,0.3052,Very Low,0.8721
2026-06-17T09:50:51.241889,High,0.4318,High,0.3566,Very High,0.3086,Very Low,0.9559
2026-06-17T09:50:51.977256,High,0.4342,High,0.3754,High,0.3164,Very Low,0.9609
2026-06-17T09:50:52.729775,High,0.4286,High,0.3776,Very High,0.3210,Very Low,0.8026
2026-06-17T09:50:53.485753,High,0.4477,Very High,0.3577,Very High,0.3014,Very Low,0.5127
2026-06-17T09:50:54.240198,High,0.4561,Very High,0.3927,Very High,0.3351,Very Low,0.8489
2026-06-17T09:50:54.977593,High,0.4631,Very High,0.3798,Low,0.2885,Very Low,0.8031
2026-06-17T09:50:55.711894,High,0.3339,Very High,0.3845,Very High,0.3452,Very Low,0.5426
2026-06-17T09:50:56.421521,High,0.3177,Very High,0.4459,Very High,0.2916,Very Low,0.6399
2026-06-17T09:50:57.171993,Very Low,0.3318,Very High,0.4508,High,0.3113,Very Low,0.6496
2026-06-17T09:50:57.885345,High,0.3361,Very High,0.3682,Very High,0.2968,Very Low,0.7299
2026-06-17T09:50:58.636945,High,0.4024,High,0.3839,Very High,0.3200,Very Low,0.6876
2026-06-17T09:50:59.394864,High,0.3801,High,0.4029,Very High,0.3580,Very Low,0.9672
2026-06-17T09:51:00.113738,High,0.4272,High,0.3383,Very High,0.3485,Very Low,0.8694
2026-06-17T09:51:00.839107,High,0.4145,High,0.3707,Very High,0.3161,Very Low,0.8446
2026-06-17T09:51:01.559389,High,0.3916,High,0.3833,High,0.3333,Very Low,0.5984
2026-06-17T09:51:02.292146,High,0.4185,High,0.3858,High,0.3018,Very Low,0.3689
2026-06-17T09:51:03.013787,High,0.3877,High,0.3584,Very High,0.3112,Low,0.7790
2026-06-17T09:51:03.762100,High,0.4503,High,0.4355,High,0.3452,Very Low,0.8720
2026-06-17T09:51:04.445241,High,0.4523,High,0.3538,Very High,0.3101,Very Low,0.9728
2026-06-17T09:51:05.186057,High,0.4306,Very High,0.3536,Very High,0.3006,Very Low,0.4752
2026-06-17T09:51:05.931143,High,0.4892,High,0.4637,High,0.2897,Very Low,0.8673
2026-06-17T09:51:06.679536,High,0.4169,Very High,0.4258,Very High,0.3298,Very Low,0.9089
2026-06-17T09:51:07.458771,High,0.4183,Very High,0.4258,Very High,0.3128,Very Low,0.6575
2026-06-17T09:51:08.208050,High,0.4440,Very High,0.4218,Very High,0.3335,Very Low,0.6490
2026-06-17T09:51:08.950854,High,0.4046,Very High,0.3703,High,0.3026,Very Low,0.8385
2026-06-17T09:51:09.689866,High,0.4211,Very High,0.3601,High,0.2868,Very Low,0.9591
2026-06-17T09:51:10.480051,High,0.4254,High,0.3637,Low,0.3231,Very Low,0.9495
2026-06-17T09:51:11.298257,High,0.4276,High,0.3479,High,0.3144,Very Low,0.9547
2026-06-17T09:51:12.043467,High,0.4557,High,0.3970,High,0.2895,Very Low,0.8387
2026-06-17T09:51:12.799089,High,0.4259,High,0.3915,High,0.3211,Very Low,0.9242
2026-06-17T09:51:13.544050,High,0.4407,High,0.3794,High,0.3126,Very Low,0.8513
2026-06-17T09:51:14.309611,High,0.4345,Very High,0.3640,High,0.3358,Very Low,0.9517
2026-06-17T09:51:15.192016,High,0.4240,High,0.3636,High,0.3047,Very Low,0.9352
2026-06-17T09:51:15.935217,High,0.4220,High,0.3544,High,0.2912,Very Low,0.9124
2026-06-17T09:51:16.718024,High,0.4704,High,0.3655,High,0.3085,Very Low,0.9233
2026-06-17T09:51:17.508614,High,0.4521,High,0.3593,High,0.3037,Very Low,0.8360
2026-06-17T09:51:18.316529,High,0.4424,Very High,0.3579,High,0.3172,Very Low,0.8170
2026-06-17T09:51:19.077154,High,0.3793,Very High,0.3652,High,0.3163,Very Low,0.8958
2026-06-17T09:51:19.813132,High,0.3999,Very High,0.3837,High,0.2992,Very Low,0.9333
2026-06-17T09:51:20.623643,High,0.4519,High,0.3611,High,0.2917,Very Low,0.9144
2026-06-17T09:51:21.423097,High,0.4316,High,0.3865,High,0.2988,Very Low,0.7097
2026-06-17T09:51:22.224737,High,0.4204,High,0.4017,High,0.3267,Low,0.5670
2026-06-17T09:51:23.001512,High,0.4111,High,0.3701,High,0.3106,Very Low,0.6263
2026-06-17T09:51:23.777165,High,0.4404,Very High,0.3629,Very High,0.3031,Very Low,0.7062
2026-06-17T09:51:24.513751,High,0.4190,High,0.3834,High,0.3122,Very Low,0.8811
2026-06-17T09:51:25.260391,High,0.4279,High,0.3611,High,0.3028,Very Low,0.9132
2026-06-17T09:51:26.035537,High,0.4419,Very High,0.3915,High,0.3123,Low,0.5393
2026-06-17T09:51:26.800179,High,0.4404,Very High,0.3738,Very High,0.3066,Very Low,0.7650
2026-06-17T09:51:27.587539,High,0.4394,Very High,0.3930,High,0.2976,Very Low,0.8807
2026-06-17T09:51:28.383247,High,0.4534,Very High,0.4071,High,0.3241,Very Low,0.8457
2026-06-17T09:51:29.141648,High,0.4720,High,0.3784,High,0.2978,Very Low,0.8841
2026-06-17T09:51:29.923000,High,0.4359,High,0.3653,High,0.3090,Very Low,0.9234
2026-06-17T09:51:30.681611,High,0.3973,Very High,0.3655,High,0.2964,Very Low,0.8578
2026-06-17T09:51:31.434354,High,0.4266,Very High,0.4117,High,0.3258,Very Low,0.9281
2026-06-17T09:51:32.229620,High,0.4054,Very High,0.4059,High,0.3038,Very Low,0.8483
2026-06-17T09:51:32.982507,High,0.4226,Very High,0.3784,Very High,0.3066,Very Low,0.7837
2026-06-17T09:51:33.732632,High,0.4494,High,0.3876,High,0.3031,Very Low,0.9393
2026-06-17T09:51:34.501655,High,0.4466,Very High,0.4012,High,0.3066,Very Low,0.9204
2026-06-17T09:51:35.258270,High,0.4536,Very High,0.3907,Very High,0.3091,Low,0.6713
2026-06-17T09:51:36.029897,High,0.4511,Very High,0.3752,Very High,0.3036,Very Low,0.8122
2026-06-17T09:51:36.772904,High,0.4524,High,0.3601,High,0.2962,Very Low,0.9588
2026-06-17T09:51:37.560189,High,0.3934,High,0.3857,Very High,0.3047,Very Low,0.8727
2026-06-17T09:51:38.327044,High,0.5119,High,0.4281,High,0.3135,High,0.5630
2026-06-17T09:51:39.088418,High,0.3317,Very High,0.3698,High,0.2956,Very Low,0.7778
2026-06-17T09:51:39.864609,Very Low,0.3527,Very High,0.4639,High,0.3147,Very Low,0.7839
2026-06-17T09:51:40.610762,Very Low,0.4542,Very High,0.4935,High,0.3120,Very Low,0.6076
2026-06-17T09:51:41.395625,Very Low,0.3716,Very High,0.4899,High,0.3322,Very Low,0.7944
2026-06-17T09:51:42.164829,Very Low,0.4266,Very High,0.5779,High,0.3736,Very Low,0.5151
2026-06-17T09:51:42.905904,High,0.3639,Very High,0.6332,Low,0.3250,Very Low,0.9896
2026-06-17T09:51:43.668101,High,0.5034,Very High,0.5873,Low,0.3848,Very Low,0.9078
2026-06-17T09:51:44.427584,High,0.5352,Very High,0.4850,Low,0.3636,Very Low,0.9590
2026-06-17T09:51:45.203680,High,0.4834,High,0.4413,Low,0.4180,Low,0.5330
2026-06-17T09:51:45.969405,High,0.4492,High,0.3821,Very High,0.3267,Low,0.6300
2026-06-17T09:51:46.717789,High,0.4287,Very High,0.4268,High,0.3521,Very Low,0.5189
2026-06-17T09:51:47.482032,High,0.4785,Very High,0.4296,High,0.3686,Very Low,0.5867
2026-06-17T09:51:48.269313,High,0.4788,High,0.3687,Low,0.3428,Very Low,0.8466
2026-06-17T09:51:49.010473,High,0.4682,Very High,0.4079,Low,0.3313,Very Low,0.9805
2026-06-17T09:51:49.739620,High,0.4616,High,0.3516,Low,0.3917,Very Low,0.9433
2026-06-17T09:51:50.475722,High,0.4383,Very High,0.4270,Low,0.3830,Very Low,0.6013
2026-06-17T09:51:51.263256,High,0.4802,Very High,0.4036,High,0.3175,Very Low,0.5497
2026-06-17T09:51:52.006886,High,0.4421,Very High,0.4396,High,0.3165,Very Low,0.8451
2026-06-17T09:51:52.754418,High,0.5199,Very High,0.3789,High,0.3369,Very Low,0.9665
2026-06-17T09:51:53.470834,High,0.3964,Very High,0.4074,Very High,0.3450,Low,0.9151
2026-06-17T09:51:54.216309,High,0.5100,Very High,0.3576,Low,0.3470,Very Low,0.9405
2026-06-17T09:51:54.934549,High,0.4460,High,0.3868,Low,0.3789,Very Low,0.9794
2026-06-17T09:51:55.671390,High,0.3571,Very High,0.4698,High,0.3432,Very Low,0.8807
2026-06-17T09:51:56.403212,High,0.4948,High,0.4078,Low,0.3676,Very Low,0.9443
2026-06-17T09:51:57.116144,High,0.4622,Very High,0.4397,High,0.3283,Very Low,0.6201
2026-06-17T09:51:57.874976,High,0.3539,Very High,0.3960,Low,0.3408,Very Low,0.9145
2026-06-17T09:51:58.604994,High,0.3584,High,0.3878,High,0.3378,Low,0.9685
2026-06-17T09:51:59.356026,High,0.3775,Very High,0.4254,Low,0.3267,Very Low,0.8643
2026-06-17T09:52:00.054351,High,0.4512,Very High,0.5686,Low,0.3827,Very Low,0.9797
2026-06-17T09:52:00.768474,High,0.4316,Very High,0.4443,Low,0.3659,Low,0.7026
2026-06-17T09:52:01.528289,High,0.3868,Very High,0.5245,Low,0.4272,Very Low,0.6747
2026-06-17T09:52:02.238993,High,0.3865,Very High,0.4500,Low,0.4070,Very Low,0.6568
2026-06-17T09:52:02.962578,High,0.4221,High,0.3563,Low,0.2994,Very Low,0.8463
2026-06-17T09:52:03.711475,High,0.3960,Very High,0.3979,High,0.2985,Low,0.7769
2026-06-17T09:52:04.442066,High,0.3626,Very High,0.4035,Very High,0.2996,Very Low,0.4275
2026-06-17T09:52:05.164126,High,0.3791,Very High,0.3991,Very High,0.2885,Low,0.8490
2026-06-17T09:52:05.914846,High,0.3707,Very High,0.3986,High,0.3074,Very Low,0.8966
2026-06-17T09:52:06.682527,High,0.4107,High,0.3620,Low,0.3064,Very Low,0.9111
2026-06-17T09:52:07.406526,High,0.4107,Very High,0.3574,Low,0.3212,Low,0.5047
2026-06-17T09:52:08.114502,High,0.3910,Very High,0.3654,High,0.3166,Low,0.5384
2026-06-17T09:52:08.870189,High,0.3976,High,0.3685,High,0.3577,Very Low,0.7943
2026-06-17T09:52:09.593769,High,0.4090,High,0.4103,High,0.3628,Very Low,0.6318
2026-06-17T09:52:10.339083,High,0.4382,High,0.3998,Low,0.3221,Low,0.7321
2026-06-17T09:52:11.050317,High,0.4374,High,0.4555,High,0.3358,Very Low,0.5367
2026-06-17T09:52:11.774531,High,0.4043,High,0.3499,High,0.3343,Low,0.5426
2026-06-17T09:52:12.509538,High,0.4832,Very High,0.4003,Very High,0.2848,Low,0.6291
2026-06-17T09:52:13.267327,High,0.4491,Very High,0.4158,Very High,0.3212,Low,0.7690
2026-06-17T09:52:14.015560,High,0.4171,Very High,0.4054,Very High,0.2982,Low,0.7584
2026-06-17T09:52:14.749784,High,0.4621,Very High,0.4020,Very High,0.3159,Very Low,0.6406
2026-06-17T09:52:15.512942,High,0.4827,High,0.3813,Very High,0.2878,Very Low,0.9042
2026-06-17T09:52:16.227770,High,0.4665,Very High,0.4201,Very High,0.2994,Low,0.5603
2026-06-17T09:52:16.963935,High,0.4640,High,0.3575,Very High,0.2907,Low,0.8102
2026-06-17T09:52:17.694258,High,0.4204,Very High,0.4131,Very High,0.3020,Low,0.7140
2026-06-17T09:52:18.442059,High,0.4438,High,0.4203,Very High,0.2859,Low,0.7961
2026-06-17T09:52:19.135477,High,0.4680,High,0.4729,High,0.3231,Very Low,0.7159
2026-06-17T09:52:19.872697,High,0.4566,High,0.4660,Low,0.3794,Very Low,0.9300
2026-06-17T09:52:20.622733,High,0.4017,High,0.4332,High,0.3075,Low,0.8192
2026-06-17T09:52:21.374193,High,0.3842,High,0.4395,High,0.2994,Very Low,0.8052
2026-06-17T09:52:22.103911,High,0.4288,High,0.4469,Low,0.3306,Very Low,0.9595
2026-06-17T09:52:22.850697,High,0.4478,Very High,0.4162,High,0.3071,Very Low,0.9375
2026-06-17T09:52:23.600168,High,0.3559,Very High,0.5668,Low,0.4125,Very Low,0.9691
2026-06-17T09:52:24.346075,High,0.4277,Very High,0.4995,Low,0.3524,Very Low,0.9657
2026-06-17T09:52:25.068314,High,0.4215,Very High,0.4599,High,0.3442,Very Low,0.9656
2026-06-17T09:52:25.812733,High,0.4279,Very High,0.4580,High,0.2906,Very Low,0.6492
2026-06-17T09:52:26.540851,High,0.4488,Very High,0.3787,Low,0.3151,Low,0.8655
2026-06-17T09:52:27.303217,High,0.4469,Very High,0.3810,High,0.3577,Low,0.6659
2026-06-17T09:52:28.019927,High,0.4645,Very High,0.4179,Low,0.3558,Very Low,0.7008
2026-06-17T09:52:28.741444,High,0.4494,High,0.4298,High,0.3414,Very Low,0.9840
2026-06-17T09:52:29.490604,High,0.3294,Very High,0.4579,High,0.3284,High,0.6716
2026-06-17T09:52:30.223759,Low,0.3128,Very High,0.5226,High,0.3309,Very Low,0.7206
2026-06-17T09:52:30.978771,Very Low,0.3375,Very High,0.5120,High,0.2974,Low,0.4569
2026-06-17T09:52:31.702758,High,0.3200,Very High,0.4199,High,0.2868,Very Low,0.7763
2026-06-17T09:52:32.429077,High,0.4082,High,0.3653,High,0.3206,Very Low,0.7625
2026-06-17T09:52:33.198102,High,0.3516,High,0.3681,Very High,0.2864,Very Low,0.9311
2026-06-17T09:52:33.949054,High,0.4016,High,0.3508,Low,0.3116,Low,0.8118
2026-06-17T09:52:34.695068,High,0.4091,Very High,0.3558,Very High,0.3103,Very Low,0.9487
2026-06-17T09:52:35.429208,High,0.4349,High,0.3891,High,0.3047,Very Low,0.9257
2026-06-17T09:52:36.176288,High,0.4158,Very High,0.4081,Very High,0.3034,Low,0.5555
2026-06-17T09:52:36.902846,High,0.4466,Very High,0.3807,Very High,0.3128,Very Low,0.6006
2026-06-17T09:52:37.650013,High,0.4972,High,0.3783,Very High,0.2940,Low,0.5505
2026-06-17T09:52:38.379775,High,0.4456,Very High,0.3863,Very High,0.2962,Very Low,0.9366
2026-06-17T09:52:39.140756,High,0.3741,Very High,0.3962,Very High,0.3580,Very Low,0.8829
2026-06-17T09:52:39.898660,High,0.4151,Very High,0.3695,Very High,0.3791,Very Low,0.8367
2026-06-17T09:52:40.613934,High,0.4806,Very High,0.4088,Very High,0.3560,Very Low,0.9520
2026-06-17T09:52:41.340573,High,0.4567,Very High,0.3538,Very High,0.3916,Very Low,0.9322
2026-06-17T09:52:42.095075,High,0.4046,High,0.3693,Very High,0.3769,Low,0.7045
2026-06-17T09:52:42.841077,High,0.4517,High,0.3491,Very High,0.3723,Very Low,0.6656
2026-06-17T09:52:43.568912,High,0.4348,Very High,0.3689,Very High,0.3942,Very Low,0.7038
2026-06-17T09:52:44.304097,High,0.4675,Very High,0.3898,Very High,0.3661,Very Low,0.9202
2026-06-17T09:52:45.070376,High,0.4361,Very High,0.4021,Very High,0.3671,Very Low,0.9348
2026-06-17T09:52:45.807454,High,0.4228,Very High,0.3612,Very High,0.4132,Low,0.7444
2026-06-17T09:52:46.529721,High,0.3845,Very High,0.3964,Very High,0.3900,Very Low,0.8772
2026-06-17T09:52:47.278894,High,0.4159,High,0.3622,Very High,0.4128,Very Low,0.5658
2026-06-17T09:52:48.003928,High,0.4545,Very High,0.3825,Very High,0.4082,Very Low,0.6350
2026-06-17T09:52:48.734102,High,0.4903,Very High,0.4060,Very High,0.3590,Very Low,0.8447
2026-06-17T09:52:49.470215,High,0.4617,Very High,0.3901,Very High,0.3620,Very Low,0.9211
2026-06-17T09:52:50.226431,High,0.4504,Very High,0.3699,Very High,0.3498,Very Low,0.9019
2026-06-17T09:52:50.964135,High,0.4301,Very High,0.3896,Very High,0.3732,Very Low,0.7452
2026-06-17T09:52:51.700929,High,0.4255,Very High,0.3817,Very High,0.3390,Very Low,0.8410
2026-06-17T09:52:52.436923,High,0.4159,High,0.3595,Very High,0.3038,Very Low,0.9487
2026-06-17T09:52:53.182461,High,0.4541,Very High,0.3527,Very High,0.3034,Very Low,0.9313
2026-06-17T09:52:53.931409,High,0.4380,Very High,0.3744,Very High,0.3202,Very Low,0.9499
2026-06-17T09:52:54.682733,High,0.4560,High,0.3605,Very High,0.3286,Very Low,0.5023
2026-06-17T09:52:55.449417,High,0.4385,Very High,0.3913,Very High,0.2931,Very Low,0.7094
2026-06-17T09:52:56.203375,High,0.4848,Very High,0.3579,Very High,0.3583,Very Low,0.7437
2026-06-17T09:52:56.906629,High,0.4438,Very High,0.3773,Very High,0.3235,Very Low,0.6508
2026-06-17T09:52:57.659338,High,0.4482,High,0.3805,Very High,0.3442,Very Low,0.9057
2026-06-17T09:52:58.418850,High,0.4691,Very High,0.3813,Very High,0.3475,Very Low,0.9661
2026-06-17T09:52:59.156669,High,0.4192,High,0.3644,Very High,0.3055,Very Low,0.9112
2026-06-17T09:52:59.874104,High,0.4231,Very High,0.3564,Very High,0.3775,Very Low,0.9232
2026-06-17T09:53:00.602852,High,0.4660,Very High,0.3634,Very High,0.3184,Very Low,0.9880
2026-06-17T09:53:01.336640,High,0.4219,High,0.3537,Very High,0.3112,Very Low,0.6014
2026-06-17T09:53:02.072302,High,0.3778,High,0.3611,Very High,0.3178,Very Low,0.8536
2026-06-17T09:53:02.797293,High,0.4660,High,0.3729,Low,0.3334,Very Low,0.9658
2026-06-17T09:53:03.514839,High,0.4552,Very High,0.3807,Very High,0.2993,Low,0.5357
2026-06-17T09:53:04.263745,High,0.3599,Very High,0.5130,Very High,0.3755,Very Low,0.6788
2026-06-17T09:53:05.011948,High,0.3370,Very High,0.4107,Very High,0.3812,Very Low,0.5704
2026-06-17T09:53:05.726304,High,0.4696,High,0.3495,Very High,0.2887,Very Low,0.8262
2026-06-17T09:53:06.457390,High,0.3997,High,0.3778,Very High,0.3407,Very Low,0.9817
2026-06-17T09:53:07.206657,High,0.3938,High,0.3433,Very High,0.3551,Very Low,0.8800
2026-06-17T09:53:07.892382,High,0.3968,High,0.3485,Very High,0.3656,Very Low,0.9362
2026-06-17T09:53:08.618883,High,0.3773,High,0.3387,Low,0.2919,Very Low,0.5601
2026-06-17T09:53:09.369363,High,0.4353,High,0.3594,Low,0.3275,Very Low,0.7323
2026-06-17T09:53:10.098934,Very Low,0.3697,Very High,0.5174,High,0.3315,Very Low,0.4236
2026-06-17T09:53:10.774457,High,0.3834,High,0.3486,Low,0.3326,Very Low,0.9541
2026-06-17T09:53:11.497372,High,0.4911,Very High,0.4131,Low,0.3049,Very Low,0.8862
2026-06-17T09:53:12.241118,High,0.4789,Very High,0.4121,Very High,0.3747,Low,0.8029
2026-06-17T09:53:12.987384,High,0.5076,Very High,0.3765,Low,0.3254,Very Low,0.5548
2026-06-17T09:53:13.749029,High,0.5258,High,0.3776,Very High,0.3487,Very Low,0.7998
2026-06-17T09:53:14.468070,High,0.4947,High,0.3464,Very High,0.3227,Very Low,0.8803
2026-06-17T09:53:15.203610,High,0.4838,Very High,0.3580,Very High,0.3100,Very Low,0.9455
2026-06-17T09:53:15.937424,High,0.4577,High,0.3697,Very High,0.3079,Very Low,0.9417
2026-06-17T09:53:16.676576,High,0.3972,High,0.3749,Very High,0.3370,Low,0.7101
2026-06-17T09:53:17.409645,High,0.3646,High,0.3659,Very High,0.3653,Very Low,0.7461
2026-06-17T09:53:18.749204,High,0.3726,Very High,0.4526,Very High,0.3692,Very Low,0.6503
2026-06-17T09:53:20.177602,High,0.4089,Very High,0.4008,Very High,0.2880,Very Low,0.9204
2026-06-17T09:53:21.586091,High,0.4057,Very High,0.3498,Low,0.3514,Low,0.7737
2026-06-17T09:53:22.989035,High,0.4231,High,0.3627,Low,0.3516,Very Low,0.6479
2026-06-17T09:53:24.374124,High,0.3221,Very High,0.4094,Low,0.3270,High,0.7578
2026-06-17T09:53:25.768427,Very Low,0.3842,Very High,0.3770,Very High,0.3689,Very Low,0.5580
2026-06-17T09:53:27.180955,High,0.4289,High,0.3668,Very High,0.3133,Very Low,0.4900
2026-06-17T09:53:28.554232,High,0.4296,Very High,0.3940,Very High,0.3409,Very Low,0.9331
2026-06-17T09:53:29.969655,High,0.4240,High,0.3718,Very High,0.3801,Very Low,0.9925
2026-06-17T09:53:31.361666,High,0.4183,High,0.3682,Very High,0.3695,Very Low,0.9913
2026-06-17T09:53:32.725112,High,0.4019,Very High,0.3726,Very Low,0.4000,Very Low,0.6192
2026-06-17T09:53:34.127180,High,0.3618,Very High,0.4994,High,0.3711,Very Low,0.8370
2026-06-17T09:53:35.472243,High,0.3587,Very High,0.4919,High,0.3339,Very Low,0.5931
2026-06-17T09:53:36.867547,High,0.3646,Very High,0.4776,High,0.3466,Very Low,0.5467
2026-06-17T09:53:38.221095,High,0.3259,Very High,0.4912,High,0.3122,Very Low,0.9008
2026-06-17T09:53:39.596015,Very Low,0.3694,Very High,0.5448,High,0.3612,Very Low,0.9237
2026-06-17T09:53:40.997331,Very Low,0.4585,Very High,0.5522,High,0.3496,Very Low,0.7915
2026-06-17T09:53:42.394403,Very Low,0.4152,Very High,0.5188,High,0.3615,Very Low,0.7748
2026-06-17T09:53:43.805936,Very Low,0.4164,Very High,0.5436,High,0.3655,Very Low,0.5757
2026-06-17T09:53:45.205877,Very Low,0.4327,Very High,0.5670,High,0.3251,Very Low,0.4903
2026-06-17T09:53:46.614397,Very Low,0.3847,Very High,0.5357,High,0.3333,Very Low,0.7726
2026-06-17T09:53:48.018448,Very Low,0.3810,Very High,0.5235,High,0.2986,Very Low,0.5114
2026-06-17T09:53:49.442275,Very Low,0.4137,Very High,0.5423,High,0.3004,Very Low,0.7009
2026-06-17T09:53:50.855524,Very Low,0.4234,Very High,0.5185,High,0.3066,Very Low,0.8440
2026-06-17T09:53:52.217695,Very Low,0.4068,Very High,0.5170,High,0.3014,Very Low,0.5726
2026-06-17T09:53:53.614516,Very Low,0.4190,Very High,0.5238,Very High,0.3156,Very Low,0.4586
2026-06-17T09:53:55.016008,Very Low,0.4148,Very High,0.5295,High,0.2914,High,0.7052
2026-06-17T09:53:56.411633,Very Low,0.3829,Very High,0.4027,High,0.3507,Very Low,0.9605
2026-06-17T09:53:57.769292,Very Low,0.2971,Very High,0.3514,High,0.3623,Very Low,0.8260
2026-06-17T09:53:59.153988,Low,0.2936,Very High,0.3361,High,0.3759,Very Low,0.5399
2026-06-17T09:54:02.478255,High,0.3833,Very High,0.3352,High,0.3250,Very Low,0.9318
2026-06-17T09:54:03.867576,High,0.3500,Very High,0.4630,High,0.3116,Very Low,0.6457
2026-06-17T09:54:05.272286,High,0.3606,Very High,0.4861,Very High,0.3550,Very Low,0.9598
2026-06-17T09:54:06.675750,High,0.3265,Very High,0.4896,Very High,0.3229,Very Low,0.9296
2026-06-17T09:54:08.064243,Very Low,0.3393,Very High,0.5393,High,0.3064,Very Low,0.8793
2026-06-17T09:54:09.470300,Very Low,0.4148,Very High,0.5386,Very High,0.3413,Very Low,0.6789
2026-06-17T09:54:10.860586,Very Low,0.3819,Very High,0.4768,Very High,0.3374,Very Low,0.8658
2026-06-17T09:54:12.279486,Very Low,0.4177,Very High,0.5033,Very High,0.3330,Very Low,0.6396
2026-06-17T09:54:13.696917,High,0.3208,Very High,0.4256,Very High,0.3254,Very Low,0.8154
2026-06-17T09:54:15.085656,High,0.3946,Very High,0.3670,Very High,0.2970,Very Low,0.6594
2026-06-17T09:54:16.470805,High,0.3491,Very High,0.3264,High,0.3516,Very Low,0.6691
2026-06-17T09:54:17.890011,High,0.3529,High,0.3190,High,0.3542,Very Low,0.8909
2026-06-17T09:54:19.247839,High,0.3790,Very High,0.3179,High,0.3402,Very Low,0.8308
2026-06-17T09:54:20.574607,Low,0.3584,High,0.3386,High,0.3523,Very Low,0.8605
2026-06-17T09:54:21.949794,Very Low,0.3587,Very High,0.4871,High,0.3271,Very Low,0.4950
2026-06-17T09:54:23.323215,High,0.2962,Very High,0.3535,High,0.3717,Very Low,0.8359
2026-06-17T09:54:24.730601,High,0.4409,High,0.3858,Low,0.3725,Very Low,0.6533
2026-06-17T09:54:26.146100,High,0.3782,Very High,0.3806,Very High,0.3052,Low,0.7831
2026-06-17T09:54:27.529384,High,0.3430,Very High,0.4992,Very High,0.3728,Very Low,0.9393
2026-06-17T09:54:28.934582,High,0.3513,Very High,0.3796,Very High,0.3919,Very Low,0.8255
2026-06-17T09:54:30.352565,Low,0.3073,Very High,0.3260,High,0.3377,Low,0.9051
2026-06-17T09:54:31.736117,Very Low,0.4143,Very High,0.4902,High,0.3397,Very Low,0.8293
2026-06-17T09:54:33.125171,Very Low,0.3410,Very High,0.4105,Very High,0.3151,Very Low,0.9411
2026-06-17T09:54:34.530258,High,0.3654,Very High,0.4133,Very High,0.3199,Very Low,0.6995
2026-06-17T09:54:35.873601,High,0.5427,Very High,0.3735,High,0.2962,Very Low,0.7684
2026-06-17T09:54:37.277972,High,0.5048,Very High,0.4219,Very High,0.3294,Very Low,0.5737
2026-06-17T09:54:38.663336,High,0.4194,High,0.3569,Low,0.2977,Very Low,0.7218
2026-06-17T09:54:40.060208,High,0.3402,Very High,0.3956,High,0.2875,Very Low,0.9216
2026-06-17T09:54:41.459604,High,0.3773,Very High,0.3761,Very High,0.3290,Very Low,0.7858
2026-06-17T09:54:42.875202,High,0.4340,High,0.3786,Low,0.3448,Very Low,0.8922
2026-06-17T09:54:44.279710,High,0.3617,Very High,0.3575,High,0.2906,Very Low,0.7056
2026-06-17T09:54:45.695642,High,0.4362,Very High,0.3621,High,0.2970,Very Low,0.5854
2026-06-17T09:54:47.882998,High,0.4062,Very High,0.4031,Low,0.2986,Very Low,0.3865
2026-06-17T09:54:51.404363,High,0.4246,Very High,0.3936,Low,0.3013,Very Low,0.4002
2026-06-17T10:27:35.652765,Very Low,0.3471,Very High,0.3317,High,0.2783,Low,0.6805
2026-06-17T10:27:36.700131,Very Low,0.4322,Very High,0.4795,High,0.3416,High,0.7367
2026-06-17T10:27:37.855307,Very Low,0.4617,Very High,0.4534,High,0.3377,Very Low,0.4646
2026-06-17T10:27:38.664316,Very Low,0.3323,Very High,0.4007,High,0.3483,Very Low,0.9716
2026-06-17T10:27:40.333328,Very Low,0.3523,High,0.3818,High,0.3090,Very Low,0.9595
2026-06-17T10:27:42.019148,High,0.4891,High,0.3273,High,0.3832,Very Low,0.9060
2026-06-17T10:27:43.055218,High,0.4208,High,0.3691,High,0.3707,Very Low,0.9717
2026-06-17T10:27:43.785767,High,0.3971,High,0.3661,High,0.3886,Very Low,0.9729
2026-06-17T10:27:45.063072,Very Low,0.3736,Very High,0.3420,High,0.3836,Low,0.3585
2026-06-17T10:27:46.746192,Very Low,0.4412,Very High,0.3932,High,0.3374,High,0.8385
2026-06-17T10:27:48.394665,High,0.4911,Low,0.3219,Very Low,0.4194,Very Low,0.8774
2026-06-17T10:27:49.983896,High,0.3377,Very High,0.3066,Very High,0.2802,Very Low,0.9417
2026-06-17T10:27:51.661366,High,0.3435,Very High,0.3418,High,0.2930,Very Low,0.6143
2026-06-17T10:27:53.318804,High,0.4716,High,0.4864,Very Low,0.2877,Low,0.5845
2026-06-17T10:27:54.888307,High,0.4728,High,0.4755,Very Low,0.3408,Low,0.7434
2026-06-17T10:27:56.464270,High,0.4695,High,0.4475,Low,0.3154,Very Low,0.6403
2026-06-17T10:27:58.033264,High,0.4996,High,0.5489,Low,0.3495,Low,0.6525
2026-06-17T10:27:59.692559,High,0.4702,High,0.5180,Low,0.3344,Very Low,0.8832
2026-06-17T10:28:01.301265,High,0.5606,High,0.5230,Very Low,0.3481,High,0.8925
2026-06-17T10:28:02.963753,High,0.5182,High,0.5531,Low,0.3363,High,0.8189
2026-06-17T10:28:04.559371,High,0.5298,High,0.4981,Low,0.3415,Very Low,0.6039
2026-06-17T10:28:06.229401,High,0.4991,High,0.4290,High,0.2766,Very Low,0.9089
2026-06-17T10:28:07.887796,High,0.4627,High,0.4122,Low,0.2835,Very Low,0.7438
2026-06-17T10:28:09.445229,High,0.4850,High,0.4708,High,0.2864,Very Low,0.8045
2026-06-17T10:28:11.026558,High,0.4467,High,0.4918,High,0.2906,Very Low,0.8699
2026-06-17T10:28:12.742945,High,0.3939,Very High,0.3710,High,0.3006,High,0.7285
2026-06-17T10:28:13.488826,Very Low,0.3587,Very High,0.4245,High,0.3155,Low,0.7057
2026-06-17T10:28:14.230014,Very Low,0.4979,Very High,0.5104,Very High,0.3027,Very Low,0.3511
2026-06-17T10:28:14.930933,Very Low,0.4856,Very High,0.4707,High,0.3012,Very Low,0.4094
2026-06-17T10:28:15.681447,Low,0.3113,High,0.3393,Very High,0.3185,Very Low,0.8333
2026-06-17T10:28:16.841417,High,0.3582,Very High,0.3199,Low,0.3136,Very Low,0.4059
2026-06-17T10:28:17.575159,High,0.3211,High,0.3762,Very High,0.2913,Very Low,0.9450
2026-06-17T10:28:18.334203,Very Low,0.4387,High,0.3162,High,0.2801,Very Low,0.6420
